{
    "__comment": "Model generated using MrCrayfish's Model Creator (http://mrcrayfish.com/modelcreator/)",
    "textures": {
        "particle": "lootplusplus:blocks/snake.gold_block",
        "0": "lootplusplus:blocks/snake.gold_block",
        "1": "lootplusplus:blocks/snake.anaconda_tooth_block",
        "2": "lootplusplus:blocks/snake.ruby_block"
    },
    "elements": [
        {
            "name": "Cube",
            "from": [ 7.0, 0.0, 1.0 ], 
            "to": [ 9.0, 1.0, 9.5 ], 
            "faces": {
                "north": { "texture": "#0", "uv": [ 0.0, 0.0, 16.0, 16.0 ] },
                "east": { "texture": "#0", "uv": [ 0.0, 0.0, 15.5, 16.0 ] },
                "south": { "texture": "#0", "uv": [ 0.0, 0.0, 16.0, 16.0 ] },
                "west": { "texture": "#0", "uv": [ 0.0, 0.0, 15.5, 16.0 ] },
                "up": { "texture": "#0", "uv": [ 0.0, 0.0, 16.0, 15.5 ] },
                "down": { "texture": "#0", "uv": [ 0.0, 0.0, 16.0, 15.5 ] }
            }
        },
        {
            "name": "Cube",
            "from": [ 7.0, 1.0, 7.0 ], 
            "to": [ 9.0, 2.0, 10.5 ], 
            "faces": {
                "north": { "texture": "#0", "uv": [ 0.0, 0.0, 16.0, 16.0 ] },
                "east": { "texture": "#0", "uv": [ 0.0, 0.0, 15.5, 16.0 ] },
                "south": { "texture": "#0", "uv": [ 0.0, 0.0, 16.0, 16.0 ] },
                "west": { "texture": "#0", "uv": [ 0.0, 0.0, 15.5, 16.0 ] },
                "up": { "texture": "#0", "uv": [ 0.0, 0.0, 16.0, 15.5 ] },
                "down": { "texture": "#0", "uv": [ 0.0, 0.0, 16.0, 15.5 ] }
            }
        },
        {
            "name": "Cube",
            "from": [ 7.0, 2.0, 8.0 ], 
            "to": [ 9.0, 3.0, 11.5 ], 
            "faces": {
                "north": { "texture": "#0", "uv": [ 0.0, 0.0, 16.0, 16.0 ] },
                "east": { "texture": "#0", "uv": [ 0.0, 0.0, 15.5, 16.0 ] },
                "south": { "texture": "#0", "uv": [ 0.0, 0.0, 16.0, 16.0 ] },
                "west": { "texture": "#0", "uv": [ 0.0, 0.0, 15.5, 16.0 ] },
                "up": { "texture": "#0", "uv": [ 0.0, 0.0, 16.0, 15.5 ] },
                "down": { "texture": "#0", "uv": [ 0.0, 0.0, 16.0, 15.5 ] }
            }
        },
        {
            "name": "Cube",
            "from": [ 7.0, 3.0, 9.0 ], 
            "to": [ 9.0, 4.0, 12.5 ], 
            "faces": {
                "north": { "texture": "#0", "uv": [ 0.0, 0.0, 16.0, 16.0 ] },
                "east": { "texture": "#0", "uv": [ 0.0, 0.0, 15.5, 16.0 ] },
                "south": { "texture": "#0", "uv": [ 0.0, 0.0, 16.0, 16.0 ] },
                "west": { "texture": "#0", "uv": [ 0.0, 0.0, 15.5, 16.0 ] },
                "up": { "texture": "#0", "uv": [ 0.0, 0.0, 16.0, 15.5 ] },
                "down": { "texture": "#0", "uv": [ 0.0, 0.0, 16.0, 15.5 ] }
            }
        },
        {
            "name": "Cube",
            "from": [ 7.0, 4.0, 10.0 ], 
            "to": [ 9.0, 5.0, 13.8 ], 
            "faces": {
                "north": { "texture": "#0", "uv": [ 0.0, 0.0, 16.0, 16.0 ] },
                "east": { "texture": "#0", "uv": [ 0.0, 0.0, 15.8, 16.0 ] },
                "south": { "texture": "#0", "uv": [ 0.0, 0.0, 16.0, 16.0 ] },
                "west": { "texture": "#0", "uv": [ 0.0, 0.0, 15.8, 16.0 ] },
                "up": { "texture": "#0", "uv": [ 0.0, 0.0, 16.0, 15.8 ] },
                "down": { "texture": "#0", "uv": [ 0.0, 0.0, 16.0, 15.8 ] }
            }
        },
        {
            "name": "Cube",
            "from": [ 7.0, 5.0, 12.0 ], 
            "to": [ 9.0, 7.6, 13.0 ], 
            "faces": {
                "north": { "texture": "#0", "uv": [ 0.0, 0.0, 16.0, 15.6 ] },
                "east": { "texture": "#0", "uv": [ 0.0, 0.0, 16.0, 15.6 ] },
                "south": { "texture": "#0", "uv": [ 0.0, 0.0, 16.0, 15.6 ] },
                "west": { "texture": "#0", "uv": [ 0.0, 0.0, 16.0, 15.6 ] },
                "up": { "texture": "#0", "uv": [ 0.0, 0.0, 16.0, 16.0 ] },
                "down": { "texture": "#0", "uv": [ 0.0, 0.0, 16.0, 16.0 ] }
            }
        },
        {
            "name": "Cube",
            "from": [ 6.3, 5.0, 13.0 ], 
            "to": [ 9.8, 7.0, 15.0 ], 
            "faces": {
                "north": { "texture": "#0", "uv": [ 0.0, 0.0, 15.5, 16.0 ] },
                "east": { "texture": "#0", "uv": [ 0.0, 0.0, 16.0, 16.0 ] },
                "south": { "texture": "#0", "uv": [ 0.0, 0.0, 15.5, 16.0 ] },
                "west": { "texture": "#0", "uv": [ 0.0, 0.0, 16.0, 16.0 ] },
                "up": { "texture": "#0", "uv": [ 0.0, 0.0, 15.5, 16.0 ] },
                "down": { "texture": "#0", "uv": [ 0.0, 0.0, 15.5, 16.0 ] }
            }
        },
        {
            "name": "Cube",
            "from": [ 6.3, 6.0, 15.0 ], 
            "to": [ 9.8, 7.0, 16.0 ], 
            "faces": {
                "north": { "texture": "#0", "uv": [ 0.0, 0.0, 15.5, 16.0 ] },
                "east": { "texture": "#0", "uv": [ 0.0, 0.0, 16.0, 16.0 ] },
                "south": { "texture": "#0", "uv": [ 0.0, 0.0, 15.5, 16.0 ] },
                "west": { "texture": "#0", "uv": [ 0.0, 0.0, 16.0, 16.0 ] },
                "up": { "texture": "#0", "uv": [ 0.0, 0.0, 15.5, 16.0 ] },
                "down": { "texture": "#0", "uv": [ 0.0, 0.0, 15.5, 16.0 ] }
            }
        },
        {
            "name": "Cube",
            "from": [ 6.3, 3.0, 15.0 ], 
            "to": [ 6.8, 6.0, 15.5 ], 
            "faces": {
                "north": { "texture": "#1", "uv": [ 0.0, 0.0, 15.5, 16.0 ] },
                "east": { "texture": "#1", "uv": [ 0.0, 0.0, 15.5, 16.0 ] },
                "south": { "texture": "#1", "uv": [ 0.0, 0.0, 15.5, 16.0 ] },
                "west": { "texture": "#1", "uv": [ 0.0, 0.0, 15.5, 16.0 ] },
                "up": { "texture": "#1", "uv": [ 0.0, 0.0, 15.5, 15.5 ] },
                "down": { "texture": "#1", "uv": [ 0.0, 0.0, 15.5, 15.5 ] }
            }
        },
        {
            "name": "Cube",
            "from": [ 9.3, 3.0, 15.0 ], 
            "to": [ 9.8, 6.0, 15.5 ], 
            "faces": {
                "north": { "texture": "#1", "uv": [ 0.0, 0.0, 15.5, 16.0 ] },
                "east": { "texture": "#1", "uv": [ 0.0, 0.0, 15.5, 16.0 ] },
                "south": { "texture": "#1", "uv": [ 0.0, 0.0, 15.5, 16.0 ] },
                "west": { "texture": "#1", "uv": [ 0.0, 0.0, 15.5, 16.0 ] },
                "up": { "texture": "#1", "uv": [ 0.0, 0.0, 15.5, 15.5 ] },
                "down": { "texture": "#1", "uv": [ 0.0, 0.0, 15.5, 15.5 ] }
            }
        },
        {
            "name": "Cube",
            "from": [ 6.3, 7.0, 13.0 ], 
            "to": [ 7.8, 8.0, 15.0 ], 
            "faces": {
                "north": { "texture": "#0", "uv": [ 0.0, 0.0, 15.5, 16.0 ] },
                "east": { "texture": "#0", "uv": [ 0.0, 0.0, 16.0, 16.0 ] },
                "south": { "texture": "#2", "uv": [ 0.0, 0.0, 15.5, 16.0 ] },
                "west": { "texture": "#0", "uv": [ 0.0, 0.0, 16.0, 15.0 ] },
                "up": { "texture": "#0", "uv": [ 0.0, 0.0, 15.5, 16.0 ] },
                "down": { "texture": "#0", "uv": [ 0.0, 0.0, 15.5, 16.0 ] }
            }
        },
        {
            "name": "Cube",
            "from": [ 7.0, 0.0, 0.0 ], 
            "to": [ 9.0, 2.0, 1.0 ], 
            "faces": {
                "north": { "texture": "#0", "uv": [ 0.0, 0.0, 16.0, 16.0 ] },
                "east": { "texture": "#0", "uv": [ 0.0, 0.0, 16.0, 16.0 ] },
                "south": { "texture": "#0", "uv": [ 0.0, 0.0, 16.0, 16.0 ] },
                "west": { "texture": "#0", "uv": [ 0.0, 0.0, 16.0, 16.0 ] },
                "up": { "texture": "#0", "uv": [ 0.0, 0.0, 16.0, 16.0 ] },
                "down": { "texture": "#0", "uv": [ 0.0, 0.0, 16.0, 16.0 ] }
            }
        },
        {
            "name": "Cube",
            "from": [ 8.3, 7.0, 13.0 ], 
            "to": [ 9.8, 8.0, 15.0 ], 
            "faces": {
                "north": { "texture": "#0", "uv": [ 0.0, 0.0, 15.5, 16.0 ] },
                "east": { "texture": "#0", "uv": [ 0.0, 0.0, 16.0, 16.0 ] },
                "south": { "texture": "#2", "uv": [ 0.0, 0.0, 15.5, 16.0 ] },
                "west": { "texture": "#0", "uv": [ 0.0, 0.0, 16.0, 15.0 ] },
                "up": { "texture": "#0", "uv": [ 0.0, 0.0, 15.5, 16.0 ] },
                "down": { "texture": "#0", "uv": [ 0.0, 0.0, 15.5, 16.0 ] }
            }
        }
    ]
}