{
    "textures": {
        "main": "lootplusplus:items/astral.star_tool"
    },
    "display": {
        "thirdperson": {
            "rotation": [ 0, 90, 250 ],
            "translation": [ 0, -8, -24 ],
            "scale": [ 1, 4, 1 ]
        },
        "firstperson": {
            "rotation": [ 0, 45, 0 ],
            "translation": [ 0, 22, 0 ],
            "scale": [ 1, 4, 1 ]
        }
    },
    "elements": [
        {
            "from": [ 7.5, -6.9, 7.5 ],
            "to": [ 8.5, 31.9, 8.5 ],
            "faces": {
                "up":   { "uv": [ 0, 0.1, 7, 0.9 ], "texture": "#main" },
                "down":   { "uv": [ 0, 0.1, 7, 0.9  ], "texture": "#main" },
                "north":   { "uv": [ 0, 0.1, 7, 0.9  ], "texture": "#main" },
                "south":   { "uv": [ 0, 0.1, 7, 0.9  ], "texture": "#main" },
                "east":   { "uv": [ 0, 0.1, 7, 0.9  ], "texture": "#main" },
                "west":   { "uv": [ 0, 0.1, 7, 0.9  ], "texture": "#main" }
            }
        },
        {
            "from": [ 7, -7, 7 ],
            "to": [ 9, -6.4, 9 ],
            "faces": {
                "up":   { "uv": [ 0, 1, 12, 13 ], "texture": "#main" },
                "down":   { "uv": [ 0, 1, 12, 13  ], "texture": "#main" },
                "north":   { "uv": [ 0, 1, 12, 13  ], "texture": "#main" },
                "south":   { "uv": [ 0, 1, 12, 13  ], "texture": "#main" },
                "east":   { "uv": [ 0, 1, 12, 13  ], "texture": "#main" },
                "west":   { "uv": [ 0, 1, 12, 13  ], "texture": "#main" }
            }
        },
        {
            "from": [ 7,31.4, 7 ],
            "to": [ 9, 32, 9 ],
            "faces": {
                "up":   { "uv": [ 0, 1, 12, 13 ], "texture": "#main" },
                "down":   { "uv": [ 0, 1, 12, 13  ], "texture": "#main" },
                "north":   { "uv": [ 0, 1, 12, 13  ], "texture": "#main" },
                "south":   { "uv": [ 0, 1, 12, 13  ], "texture": "#main" },
                "east":   { "uv": [ 0, 1, 12, 13  ], "texture": "#main" },
                "west":   { "uv": [ 0, 1, 12, 13  ], "texture": "#main" }
            }
        },
        {
            "from": [ 1.65, 31, 7.3 ],
            "to": [ 14.35, 31.9, 8.7 ],
            "faces": {
                "up":   { "uv": [ 7, 0.1, 16, 0.9 ], "texture": "#main", "rotation":90 },
                "down":   { "uv": [ 7, 0.1, 16, 0.9  ], "texture": "#main", "rotation":90 },
                "north":   { "uv": [ 7, 0.1, 16, 0.9  ], "texture": "#main", "rotation":90 },
                "south":   { "uv": [ 7, 0.1, 16, 0.9  ], "texture": "#main", "rotation":90 },
                "east":   { "uv": [ 7, 0.1, 16, 0.9  ], "texture": "#main", "rotation":90 },
                "west":   { "uv": [ 7, 0.1, 16, 0.9  ], "texture": "#main", "rotation":90 }
            }
        },
        {
            "from": [ 1.65, 31, 7.31 ],
            "to": [ 20, 31.9, 8.69 ],
            "rotation": {
                "origin": [ 8, 0, 8 ],
                "axis": "z",
                "angle": -22.5,
                "rescale": false
            },
            "faces": {
                "up":   { "uv": [ 7, 0.1, 16, 0.9 ], "texture": "#main", "rotation":90 },
                "down":   { "uv": [ 7, 0.1, 16, 0.9  ], "texture": "#main", "rotation":90 },
                "north":   { "uv": [ 7, 0.1, 16, 0.9  ], "texture": "#main", "rotation":90 },
                "south":   { "uv": [ 7, 0.1, 16, 0.9  ], "texture": "#main", "rotation":90 },
                "east":   { "uv": [ 7, 0.1, 16, 0.9  ], "texture": "#main", "rotation":90 },
                "west":   { "uv": [ 7, 0.1, 16, 0.9  ], "texture": "#main", "rotation":90 }
            }
        },
        {
            "from": [ -4, 31, 7.31 ],
            "to": [ 14.35, 31.9, 8.69 ],
            "rotation": {
                "origin": [ 8, 0, 8 ],
                "axis": "z",
                "angle": 22.5,
                "rescale": false
            },
            "faces": {
                "up":   { "uv": [ 7, 0.1, 16, 0.9 ], "texture": "#main", "rotation":90 },
                "down":   { "uv": [ 7, 0.1, 16, 0.9  ], "texture": "#main", "rotation":90 },
                "north":   { "uv": [ 7, 0.1, 16, 0.9  ], "texture": "#main", "rotation":90 },
                "south":   { "uv": [ 7, 0.1, 16, 0.9  ], "texture": "#main", "rotation":90 },
                "east":   { "uv": [ 7, 0.1, 16, 0.9  ], "texture": "#main", "rotation":90 },
                "west":   { "uv": [ 7, 0.1, 16, 0.9  ], "texture": "#main", "rotation":90 }
            }
        }
    ]
}
