{
    "textures": {
        "particle": "lootplusplus:items/astral.arm_cannon_sides",
        "top": "lootplusplus:items/astral.arm_cannon_top_1",
        "end": "lootplusplus:items/astral.arm_cannon_end_1"
    },
    "display": {
        "thirdperson": {
            "rotation": [ 0, 0, 0 ],
            "translation": [ -0.5, 0, -0.5 ],
            "scale": [ 1, 1, 1 ]
        },
        "firstperson": {
            "rotation": [ 60, -250, -20 ],
            "translation": [ 0, 0, 2 ],
            "scale": [ 1.7, 1.7, 1.7 ]
        }
    },
    "elements": [
		{   
			"comment": "main cube",
			"from": [ 5, 2, 5 ],
            "to": [ 11, 13, 11 ],
            "faces": {
				"down": { "uv": [ 0, 0, 16, 16 ], "texture": "#end" },
                "up":   { "uv": [ 0, 0, 16, 16 ], "texture": "#end" },
                "north":   { "uv": [ 0, 0, 16, 16 ], "texture": "#top" },
                "south":   { "uv": [ 0, 0, 16, 16 ], "texture": "#particle" },
                "east":   { "uv": [ 0, 0, 16, 16 ], "texture": "#particle" },
                "west":   { "uv": [ 0, 0, 16, 16 ], "texture": "#particle" }
			}
        },
        {   
			"from": [ 5, 11, 4 ],
            "to": [ 11, 14, 5.5 ],
            "faces": {
				"down": { "uv": [ 0, 0, 16, 16 ], "texture": "#particle" },
                "up":   { "uv": [ 0, 0, 16, 16 ], "texture": "#particle" },
                "north":   { "uv": [ 0, 0, 16, 16 ], "texture": "#particle" },
                "south":   { "uv": [ 0, 0, 16, 16 ], "texture": "#particle" },
                "east":   { "uv": [ 0, 0, 16, 16 ], "texture": "#particle" },
                "west":   { "uv": [ 0, 0, 16, 16 ], "texture": "#particle" }
			}
        },
        {   
			"from": [ 5, 11, 10 ],
            "to": [ 11, 14, 11.5 ],
            "faces": {
				"down": { "uv": [ 0, 0, 16, 16 ], "texture": "#particle" },
                "up":   { "uv": [ 0, 0, 16, 16 ], "texture": "#particle" },
                "north":   { "uv": [ 0, 0, 16, 16 ], "texture": "#particle" },
                "south":   { "uv": [ 0, 0, 16, 16 ], "texture": "#particle" },
                "east":   { "uv": [ 0, 0, 16, 16 ], "texture": "#particle" },
                "west":   { "uv": [ 0, 0, 16, 16 ], "texture": "#particle" }
			}
        },
        {   
			"from": [ 10, 11, 5 ],
            "to": [ 11.5, 14, 11 ],
            "faces": {
				"down": { "uv": [ 0, 0, 16, 16 ], "texture": "#particle" },
                "up":   { "uv": [ 0, 0, 16, 16 ], "texture": "#particle" },
                "north":   { "uv": [ 0, 0, 16, 16 ], "texture": "#particle" },
                "south":   { "uv": [ 0, 0, 16, 16 ], "texture": "#particle" },
                "east":   { "uv": [ 0, 0, 16, 16 ], "texture": "#particle" },
                "west":   { "uv": [ 0, 0, 16, 16 ], "texture": "#particle" }
			}
        },
        {   
			"from": [ 4, 11, 5 ],
            "to": [ 5.5, 14, 11 ],
            "faces": {
				"down": { "uv": [ 0, 0, 16, 16 ], "texture": "#particle" },
                "up":   { "uv": [ 0, 0, 16, 16 ], "texture": "#particle" },
                "north":   { "uv": [ 0, 0, 16, 16 ], "texture": "#particle" },
                "south":   { "uv": [ 0, 0, 16, 16 ], "texture": "#particle" },
                "east":   { "uv": [ 0, 0, 16, 16 ], "texture": "#particle" },
                "west":   { "uv": [ 0, 0, 16, 16 ], "texture": "#particle" }
			}
        }
    ]
}
