{
    "textures": {
		"texture": "lootplusplus:items/astral.transparent",
		"particle": "lootplusplus:items/astral.transparent"
    },
	"elements": [
		{   "from": [ 0, 0, 0 ],
            "to": [ 0, 0, 0 ],
            "faces": {
                "down":  { "uv": [ 7, 14, 9, 16 ], "texture": "#texture" }
            }
        }
	],
    "display": {
        "thirdperson": {
            "rotation": [ -90, 0, 0 ],
            "translation": [ 0, 1, -3 ],
            "scale": [ 0.55, 0.55, 0.55 ]
        },
        "firstperson": {
            "rotation": [ 0, -135, 25 ],
            "translation": [ 0, 4, 2 ],
            "scale": [ 1.7, 1.7, 1.7 ]
        }
    }
}
